r	s	t	S	T	U
dc	dc	dc	0	2	4
dc	dc	ec	0	3	1
dc	dc	po	0,1	4	0,2
dc	dc	eq	0	2	0
dc	dc	tpp	0	2	0,4
dc	dc	ntpp	1	4	0,1,2
dc	dc	tppi	0,1	3	0
dc	dc	ntppi	0,1,2	4	1
dc	ec	dc	0	2	3
dc	ec	ec	0	2	1
dc	ec	po	0,1	3	0,2
dc	ec	tpp	0	2	0,1
dc	ec	ntpp	1	3	0,1,2
dc	po	dc	0	2,3	2,4
dc	po	ec	0	2,3	1,2
dc	po	po	0,1	3,4	0,3
dc	po	tpp	0	2,3	0,2
dc	po	ntpp	1	3,4	0,1,2,3
dc	eq	dc	0	2	2
dc	tpp	dc	0	2	2,3
dc	tpp	ec	0	2	1,2
dc	tpp	po	0,1	3	0,3
dc	tpp	tpp	0	2	0,2
dc	tpp	ntpp	1	3	0,1,2,3
dc	ntpp	dc	0	3	2,3,4
dc	ntpp	ec	0	2	1,2,3
dc	ntpp	po	0,1	3	0,2,3,4
dc	ntpp	tpp	0	2	0,1,2,3
dc	ntpp	ntpp	1	3	0,1,2,3,4
dc	tppi	dc	0	2,3	2
dc	ntppi	dc	0	2,3,4	3
ec	dc	dc	0	1	3
ec	dc	ec	1	0	2
ec	dc	po	0,1	2	0,4
ec	dc	tppi	0,1	2	0
ec	dc	ntppi	0,1,2	3	1
ec	ec	dc	0	1	2
ec	ec	ec	0,3	1	2
ec	ec	po	0,1	2	0,3
ec	ec	eq	0	1	0
ec	ec	tpp	0	1	0,2
ec	ec	tppi	0,1	2	1
ec	po	dc	0	1,2	2,3
ec	po	ec	0	1,2	1,3
ec	po	po	0,1	2,3	0,2
ec	po	tpp	0	1,2	0,1
ec	po	ntpp	1	0,3	0,1,2
ec	eq	ec	0	1	1
ec	tpp	ec	0	1	1,2
ec	tpp	po	0,1	2	0,2
ec	tpp	tpp	0	1	0,1
ec	tpp	ntpp	1	0	0,1,2
ec	ntpp	po	0,1	2	1,2,3
ec	ntpp	tpp	0	1	0,1,2
ec	ntpp	ntpp	1	2	0,1,2,3
ec	tppi	dc	0	1,2	2
ec	tppi	ec	0	1,2	1
ec	ntppi	dc	0	1,2,3	2
po	dc	dc	0,1	0,2	4
po	dc	ec	0,1	0,4	2
po	dc	po	0,3	0,1	3,4
po	dc	tppi	0,2	0,4	2
po	dc	ntppi	0,1,2,3	0,4	2
po	ec	dc	0,1	0,2	3
po	ec	ec	0,1	0,3	2
po	ec	po	0,1	0,2	1,3
po	ec	tppi	0,1	0,2	1
po	ec	ntppi	0,1,2	0,3	1
po	po	dc	0,1	0,3	3,4
po	po	ec	0,1	0,2	2,3
po	po	po	0,1	0,2	0,3
po	po	eq	0,1	0,2	0,1
po	po	tpp	0,1	0,2	0,1,3
po	po	ntpp	1,2	1,4	0,1,2,3
po	po	tppi	0,1,2	0,3	0,1
po	po	ntppi	0,1,2,3	1,4	1,2
po	eq	po	0,1	0,2	0,2
po	tpp	po	0,1	0,2	0,2,3
po	tpp	tpp	0,1	0,2	0,1,2
po	tpp	ntpp	1,2	0,1	0,1,2,3
po	ntpp	po	0,2	2,3	1,2,3,4
po	ntpp	tpp	0,1	1,2	0,1,2,3
po	ntpp	ntpp	1,2	1,3	0,1,2,3,4
po	tppi	dc	0,1	0,3	3
po	tppi	ec	0,1	0,2	2
po	tppi	po	0,1	0,2,3	0,2
po	tppi	tppi	0,1	0,2	0
po	tppi	ntppi	0,1,2	1,3	1
po	ntppi	dc	0,1	0,2,3,4	3
po	ntppi	ec	0,1	1,2,3	2
po	ntppi	po	0,2	1,2,3,4	2,3
po	ntppi	tppi	0,2	1,2,3	2
po	ntppi	ntppi	0,1,2,3	0,1,2,4	1
eq	dc	dc	0	0	2
eq	ec	ec	0	0	1
eq	po	po	0,1	0,1	0,2
eq	eq	eq	0	0	0
eq	tpp	tpp	0	0	0,1
eq	ntpp	ntpp	1	1	0,1,2
eq	tppi	tppi	0,1	0,1	0
eq	ntppi	ntppi	0,1,2	0,1,2	1
tpp	dc	dc	0	0,1	3
tpp	ec	dc	0	0,1	2
tpp	ec	ec	0	0,2	1
tpp	po	dc	0	0,2	2,3
tpp	po	ec	0	0,1	1,2
tpp	po	po	0,1	0,1,2	0,3
tpp	po	tpp	0	0,1	0,2
tpp	po	ntpp	1	1,3	0,1,2
tpp	eq	tpp	0	0,1	0,1
tpp	tpp	tpp	0	0,1	0,1,2
tpp	tpp	ntpp	1	0,1	0,1,2
tpp	ntpp	ntpp	1	1,2	0,1,2,3
tpp	tppi	dc	0	0,2	2
tpp	tppi	ec	0	0,1	1
tpp	tppi	po	0,1	0,1,2	0,2
tpp	tppi	eq	0	0,1	0
tpp	tppi	tpp	0	0,1,2	0,1
tpp	tppi	tppi	0,1	0,1,2	0
tpp	ntppi	dc	0	0,1,2,3	2
tpp	ntppi	ec	0	0,1,2	1
tpp	ntppi	po	0,1	0,1,2,3	1,2
tpp	ntppi	tppi	0,1	0,1,2	1
tpp	ntppi	ntppi	0,1,2	0,1,2,3	1
ntpp	dc	dc	1	0,1,2	4
ntpp	ec	dc	1	0,1,2	3
ntpp	po	dc	1	0,1,2,3	3,4
ntpp	po	ec	1	0,1,2	0,3
ntpp	po	po	1,2	0,1,2,3	1,4
ntpp	po	tpp	1	0,1,2	1,3
ntpp	po	ntpp	1	0,1,2,3	0,1,2,4
ntpp	eq	ntpp	1	0,1,2	0,1,2
ntpp	tpp	ntpp	1	0,1,2	0,1,2,3
ntpp	ntpp	ntpp	2	1,2,3	0,1,2,3,4
ntpp	tppi	dc	1	0,1,2,3	3
ntpp	tppi	ec	1	0,1,2	0
ntpp	tppi	po	1,2	0,1,2,3	0,1
ntpp	tppi	tpp	1	0,1,2	0,1
ntpp	tppi	ntpp	1	0,1,2,3	0,1,2
ntpp	ntppi	dc	1	0,1,2,3,4	3
ntpp	ntppi	ec	1	0,1,2,3	2
ntpp	ntppi	po	1,2	0,1,2,3,4	1,3
ntpp	ntppi	eq	1	0,1,2	1
ntpp	ntppi	tpp	1	0,1,2,3	1,2
ntpp	ntppi	ntpp	2	0,1,2,3,4	1,2,3
ntpp	ntppi	tppi	1,2	0,1,2,3	1
ntpp	ntppi	ntppi	1,2,3	0,1,2,3,4	2
tppi	dc	dc	0,1	0	3
tppi	dc	ec	0,1	0	2
tppi	dc	po	0,2	0	2,3
tppi	dc	tppi	0,2	0	2
tppi	dc	ntppi	0,1,2,3	0	2
tppi	ec	ec	0,1	1	2
tppi	ec	po	0,1	0	1,2
tppi	ec	tppi	0,1	0	1
tppi	ec	ntppi	0,1,2	0	1
tppi	po	po	0,1,2	0,1	0,3
tppi	po	tppi	0,1,2	0,1	0,2
tppi	po	ntppi	0,1,2,3	0,1	1,2
tppi	eq	tppi	0,1	0	0
tppi	tpp	po	0,1	0	0,2
tppi	tpp	eq	0,1	0	0,1
tppi	tpp	tpp	0,1	0	0,1,2
tppi	tpp	tppi	0,1,2	0	0,1
tppi	ntpp	po	0,2	2	1,2,3
tppi	ntpp	tpp	0,1	1	0,1,2
tppi	ntpp	ntpp	1,2	1	0,1,2,3
tppi	tppi	tppi	0,1,2	0,1	0
tppi	tppi	ntppi	0,1,2	0,1	1
tppi	ntppi	ntppi	0,1,2,3	0,1,2	1
ntppi	dc	dc	0,1,2	1	4
ntppi	dc	ec	0,1,2	1	3
ntppi	dc	po	0,1,2,3	1	3,4
ntppi	dc	tppi	0,1,2,3	1	3
ntppi	dc	ntppi	0,1,2,3,4	1	3
ntppi	ec	po	0,1,2	1	0,3
ntppi	ec	tppi	0,1,2	1	0
ntppi	ec	ntppi	0,1,2,3	1	2
ntppi	po	po	0,1,2,3	1,2	1,4
ntppi	po	tppi	0,1,2,3	1,2	0,1
ntppi	po	ntppi	0,1,2,3,4	1,2	1,3
ntppi	eq	ntppi	0,1,2	1	1
ntppi	tpp	po	0,1,2	1	1,3
ntppi	tpp	tppi	0,1,2	1	0,1
ntppi	tpp	ntppi	0,1,2,3	1	1,2
ntppi	ntpp	po	0,1,2,3	1	0,1,2,4
ntppi	ntpp	eq	0,1,2	1	0,1,2
ntppi	ntpp	tpp	0,1,2	1	0,1,2,3
ntppi	ntpp	ntpp	1,2,3	2	0,1,2,3,4
ntppi	ntpp	tppi	0,1,2,3	1	0,1,2
ntppi	ntpp	ntppi	0,1,2,3,4	2	1,2,3
ntppi	tppi	ntppi	0,1,2,3	1,2	1
ntppi	ntppi	ntppi	0,1,2,3,4	1,2,3	2
